Domain,Status,Attractiveness,Demand,Length,Sectors,Created,Expires,Registrar
one.limo,resell,132,44%,3,"Business,General,Media,Technology",31/10/2024 17:27,31/10/2025 17:27,Porkbun LLC
brief.limo,available,124,19%,5,"Business,Education,General,Law",,,
complete.limo,available,120,21%,8,"Manufacturing,Retail,Technology",,,
second.limo,available,120,23%,6,"General,Mathematics",,,
wizard.limo,available,118,42%,6,"Entertainment,Media,Technology",,,
equal.limo,available,116,19%,5,"Education,General,Law",,,
tenth.limo,available,116,7%,5,Mathematics,,,
flat.limo,available,116,24%,4,"Construction,Real Estate",,,
tonic.limo,available,114,22%,5,"Health and Fitness,Medicine,Science",,,
hotshot.limo,available,112,14%,7,"Business,Entertainment,Sports",,,
acute.limo,available,112,9%,5,"Mathematics,Medicine,Science",,,
above.limo,available,112,22%,5,Business,,,
abstract.limo,available,108,29%,8,"Arts,Humanities,Science",,,
abiding.limo,available,106,5%,7,"General,Religion",,,
active.limo,available,104,27%,6,"Health and Fitness,Sports,Travel",,,
teen.limo,available,104,14%,4,"Education,Entertainment,Healthcare",,,
expert.limo,available,104,26%,6,"Business,Education,Technology",,,
absent.limo,available,102,8%,6,"Business,Education,Technology",,,
captive.limo,available,102,14%,7,"Entertainment,Hospitality,Technology",,,
eight.limo,available,102,23%,5,"General,Mathematics",,,
extra.limo,available,102,26%,5,"Fashion,Retail,Technology",,,
sixth.limo,available,100,8%,5,Mathematics,,,
adjunct.limo,available,100,5%,7,Education,,,
remove.limo,available,100,13%,6,"Construction,Manufacturing,Technology",,,
eighth.limo,available,100,6%,6,Mathematics,,,
whiz.limo,available,100,12%,4,"Business,Education,Technology",,,
ninth.limo,available,100,9%,5,Mathematics,,,
third.limo,available,100,16%,5,Mathematics,,,
crack.limo,available,100,20%,5,Sports,,,
abrupt.limo,available,100,3%,6,"Medicine,Science",,,
whizz.limo,available,98,11%,5,"Business,Education,Technology",,,
doable.limo,available,96,9%,6,"Business,Education,Technology",,,
academic.limo,available,96,20%,8,"Education,Humanities,Science",,,
alamode.limo,available,96,12%,9,Fashion,,,
actual.limo,available,96,22%,6,"Real Estate,Retail,Technology",,,
forgiving.limo,available,96,3%,9,"Healthcare,Religion",,,
virtuoso.limo,available,94,16%,8,"Arts,Entertainment",,,
adequate.limo,available,94,9%,8,"Education,Healthcare,Technology",,,
abject.limo,available,94,7%,6,Humanities,,,
about.limo,available,94,28%,5,"Business,General,Media,Technology",,,
around.limo,available,94,22%,6,"Business,General,Media,Technology",,,
next.limo,available,92,43%,4,"Retail,Technology,Transportation",,,
exemplary.limo,available,92,5%,9,"Business,Education,Healthcare",,,
adept.limo,available,92,24%,5,"Education,Health and Fitness,Sports",,,
derelict.limo,available,92,7%,8,"Construction,Real Estate",,,
abroad.limo,available,92,12%,6,"Hospitality,Travel",,,
neutral.limo,available,92,20%,7,"Business,Media,Politics",,,
nought.limo,available,92,4%,6,Mathematics,,,
twentieth.limo,available,92,3%,9,Mathematics,,,
adjective.limo,available,92,5%,9,Education,,,
endearing.limo,available,90,1%,9,"Entertainment,Fashion,Retail",,,
abortive.limo,available,90,1%,8,"Medicine,Science",,,
adoring.limo,available,90,2%,7,"Entertainment,Fashion,Retail",,,
riveting.limo,available,90,6%,8,"Entertainment,Media,Technology",,,
addictive.limo,available,90,9%,9,Healthcare,,,
gripping.limo,available,90,3%,8,"Entertainment,Media,Technology",,,
clear.limo,available,90,47%,5,"Manufacturing,Retail,Technology",,,
leash.limo,available,90,7%,5,"General,Health and Fitness,Retail",,,
additional.limo,available,90,8%,10,"Fashion,Retail,Technology",,,
proficient.limo,available,88,8%,10,"Education,Health and Fitness,Sports",,,
adlib.limo,available,88,7%,6,Entertainment,,,
hundred.limo,available,88,14%,7,Mathematics,,,
eleven.limo,available,88,33%,6,Mathematics,,,
fifteen.limo,available,88,13%,7,Mathematics,,,
wide.limo,available,88,18%,4,"Business,Media,Technology",,,
ten.limo,available,88,28%,3,"General,Mathematics",,,
twelve.limo,available,88,18%,6,"General,Mathematics",,,
ace.limo,available,88,34%,3,Sports,,,
activist.limo,available,88,12%,8,"Humanities,Politics",,,
sixteen.limo,available,88,11%,7,Mathematics,,,
actionable.limo,available,88,13%,10,"Business,Law",,,
three.limo,available,88,24%,5,Mathematics,,,
cipher.limo,available,86,29%,6,Mathematics,,,
intent.limo,available,86,25%,6,"Business,Education,Technology",,,
engrossing.limo,available,86,0%,10,"Entertainment,Media,Technology",,,
star.limo,expiring,86,40%,4,"Entertainment,Media,Sports",20/08/2015 17:28,20/08/2025 17:28,"Sav.com, LLC"
xiv.limo,available,86,12%,3,Mathematics,,,
xix.limo,available,86,11%,3,Mathematics,,,
recondite.limo,available,86,4%,9,"Arts,Humanities,Science",,,
aboriginal.limo,available,86,10%,10,Humanities,,,
extempore.limo,available,86,3%,9,Entertainment,,,
attendant.limo,available,86,5%,9,"Healthcare,Hospitality,Transportation",,,
adolescent.limo,available,86,3%,10,"Education,Entertainment,Healthcare",,,
accessory.limo,available,84,8%,9,"Fashion,Retail,Technology",,,
acting.limo,available,84,12%,6,Entertainment,,,
seventeen.limo,available,84,7%,9,Mathematics,,,
nineteen.limo,available,84,8%,8,Mathematics,,,
grand.limo,resell,84,25%,5,"Finance,General",01/02/2025 02:04,01/02/2026 02:04,"Sav.com, LLC"
thirteen.limo,available,84,10%,8,Mathematics,,,
twentytwo.limo,available,84,11%,10,Mathematics,,,
deviate.limo,available,84,12%,7,"Medicine,Science",,,
adjustable.limo,available,84,3%,10,"Manufacturing,Retail,Technology",,,
fourteen.limo,available,84,8%,8,Mathematics,,,
thousand.limo,available,84,8%,8,Mathematics,,,
sharp.limo,available,84,34%,5,"Arts,Fashion",,,
twentyone.limo,available,84,13%,10,Mathematics,,,
enduring.limo,available,82,9%,8,"Health and Fitness,Religion",,,
good.limo,available,82,47%,4,"Food and Beverage,General,Health and Fitness,Retail",,,
abkhaz.limo,available,82,1%,6,Geography,,,
dozen.limo,available,82,10%,5,Mathematics,,,
abdominal.limo,available,82,1%,9,"Health and Fitness,Medicine",,,
cleansing.limo,available,82,3%,9,Health and Fitness,,,
decade.limo,available,82,10%,6,Mathematics,,,
abroach.limo,available,82,1%,7,Food and Beverage,,,
impromptu.limo,available,82,16%,9,Entertainment,,,
altered.limo,available,82,9%,7,"Medicine,Science",,,
abenaki.limo,available,82,2%,7,Geography,,,
fivesome.limo,available,82,1%,8,Sports,,,
absorbent.limo,available,82,3%,9,"Healthcare,Manufacturing,Retail",,,
two.limo,available,80,24%,3,Mathematics,,,
dorsal.limo,available,80,6%,6,"Medicine,Science",,,
superstar.limo,available,80,18%,9,Entertainment,,,
nine.limo,available,80,24%,4,"General,Mathematics",,,
yard.limo,available,80,26%,4,"Construction,General",,,
capable.limo,available,80,12%,7,"Business,Education,Technology",,,
able.limo,available,80,29%,4,"Business,Education,General,Technology",,,
seventh.limo,available,80,10%,7,Mathematics,,,
wiz.limo,available,80,30%,3,"Business,Education,Technology",,,
sequent.limo,available,80,7%,7,"Healthcare,Insurance,Transportation",,,
absurd.limo,available,80,16%,6,"Arts,Entertainment,Media",,,
worshipful.limo,available,80,1%,10,"Education,Healthcare,Religion",,,
absorbable.limo,available,80,0%,10,"Healthcare,Pharmaceuticals,Science",,,
adoptable.limo,available,80,3%,9,"Education,Healthcare",,,
twenty.limo,available,80,12%,6,Mathematics,,,
trio.limo,available,80,21%,4,Entertainment,,,
forty.limo,available,80,9%,5,Mathematics,,,
some.limo,available,80,32%,4,"Business,Media,Retail",,,
abundant.limo,available,80,19%,8,"Agriculture,Manufacturing,Retail",,,
abkhasian.limo,available,78,1%,9,Geography,,,
accidental.limo,available,78,11%,10,"Healthcare,Insurance,Transportation",,,
accessible.limo,available,78,21%,10,"Healthcare,Retail,Technology",,,
adrenal.limo,available,78,4%,7,"Education,Healthcare,Science",,,
honestly.limo,available,78,9%,8,"Business,Law",,,
accepted.limo,available,78,6%,8,"Business,Education,Technology",,,
adjacent.limo,available,78,9%,8,"Construction,Real Estate,Retail",,,
dormant.limo,available,78,4%,7,"Medicine,Science",,,
low.limo,available,78,20%,3,"Business,Finance",,,
acceptant.limo,available,78,1%,9,"Education,Healthcare",,,
abkhazian.limo,available,78,1%,9,Geography,,,
recognised.limo,available,78,3%,10,"Business,Education,Technology",,,
absorptive.limo,available,78,1%,10,"Healthcare,Manufacturing,Retail",,,
adorable.limo,available,78,8%,8,"Entertainment,Fashion,Retail",,,
athletic.limo,available,78,15%,8,"Health and Fitness,Sports",,,
abounding.limo,available,78,2%,9,Agriculture,,,
sixtynine.limo,available,78,8%,10,Mathematics,,,
acceptable.limo,available,78,5%,10,"Business,Hospitality,Retail",,,
accurate.limo,available,78,16%,8,"Engineering,Mathematics,Science",,,
twentysix.limo,available,78,8%,10,Mathematics,,,
recognized.limo,available,78,3%,10,"Business,Education,Technology",,,
adipose.limo,available,76,2%,7,"Healthcare,Science",,,
adaptable.limo,available,76,9%,9,"Business,Education,Technology",,,
firstrate.limo,available,76,6%,10,Business,,,
incidental.limo,available,76,4%,10,"Healthcare,Insurance,Transportation",,,
acoustic.limo,available,76,14%,8,Science,,,
resultant.limo,available,76,2%,9,"Healthcare,Insurance,Transportation",,,
obscene.limo,available,76,5%,7,"Entertainment,Media",,,
fifteenth.limo,available,76,2%,9,Mathematics,,,
ventral.limo,available,76,3%,7,Science,,,
addable.limo,available,76,2%,7,"Engineering,Mathematics,Science",,,
adhesive.limo,available,76,7%,8,"Construction,Manufacturing,Technology",,,
improvise.limo,available,76,4%,9,Entertainment,,,
fourteenth.limo,available,76,1%,10,Mathematics,,,
ague.limo,available,76,2%,4,"Geography,Medicine,Science",,,
hundredth.limo,available,76,1%,9,Mathematics,,,
energizing.limo,available,76,3%,10,"Food and Beverage,Health and Fitness,Travel",,,
threed.limo,available,76,7%,7,Technology,,,
nineteenth.limo,available,76,3%,10,Mathematics,,,
auxiliary.limo,available,76,7%,9,"Healthcare,Manufacturing,Technology",,,
diamond.limo,available,76,32%,7,Fashion,,,
thousandth.limo,available,76,1%,10,Mathematics,,,
thirteenth.limo,available,76,4%,10,Mathematics,,,
ancillary.limo,available,76,6%,9,"Healthcare,Manufacturing,Technology",,,
adherent.limo,available,76,4%,8,"Politics,Religion",,,
adaptive.limo,available,76,28%,8,"Business,Education,Technology",,,
abrasive.limo,available,76,6%,8,"Construction,Manufacturing",,,
eighteen.limo,available,76,7%,8,Mathematics,,,
activated.limo,available,74,9%,9,"Healthcare,Manufacturing,Technology",,,
single.limo,available,74,19%,6,Sports,,,
abnormal.limo,available,74,16%,8,"Medicine,Science",,,
mavin.limo,available,74,7%,5,"Entertainment,Fashion,Technology",,,
aberrant.limo,available,74,6%,8,"Medicine,Science",,,
manageable.limo,available,74,4%,10,"Business,Education,Technology",,,
realizable.limo,available,74,1%,10,"Business,Education,Technology",,,
adrenergic.limo,available,74,1%,10,"Education,Healthcare,Science",,,
skilful.limo,available,74,3%,7,"Education,Health and Fitness,Sports",,,
adenoid.limo,available,74,1%,7,"Health and Fitness,Medicine,Science",,,
sensation.limo,available,74,7%,9,"Entertainment,Media,Sports",,,
adapted.limo,available,74,6%,7,"Healthcare,Manufacturing,Technology",,,
admirable.limo,available,74,5%,9,"Business,Education,Healthcare",,,
supra.limo,available,74,25%,5,"Medicine,Science",,,
accepting.limo,available,74,3%,9,"Education,Healthcare",,,
acuate.limo,available,74,2%,6,"Engineering,Medicine,Science",,,
playing.limo,available,74,12%,7,Entertainment,,,
cleared.limo,available,74,7%,7,"Healthcare,Law,Transportation",,,
broad.limo,available,74,13%,5,"Entertainment,General,Media",,,
adamant.limo,available,74,14%,7,Religion,,,
achievable.limo,available,74,4%,10,"Business,Education,Technology",,,
adjunctive.limo,available,72,1%,10,"Healthcare,Manufacturing,Technology",,,
sixtieth.limo,available,72,1%,8,Mathematics,,,
accustomed.limo,available,72,1%,10,"Business,Education,Humanities",,,
abloom.limo,available,72,5%,6,Agriculture,,,
ninetieth.limo,available,72,1%,9,Mathematics,,,
absolutist.limo,available,72,1%,10,"Humanities,Law,Politics",,,
abreast.limo,available,72,2%,7,"Business,Technology",,,
adaptative.limo,available,72,1%,10,"Business,Education,Technology",,,
adiabatic.limo,available,72,3%,9,"Engineering,Science",,,
eightieth.limo,available,72,1%,9,Mathematics,,,
engrossed.limo,available,72,1%,9,"Entertainment,Media,Technology",,,
trey.limo,available,72,14%,4,Sports,,,
accusative.limo,available,72,0%,10,"Humanities,Law",,,
adjectival.limo,available,72,1%,10,Education,,,
ablaze.limo,available,72,6%,6,Entertainment,,,
seventieth.limo,available,72,1%,10,Mathematics,,,
adonic.limo,available,72,2%,6,"Arts,Education,Entertainment",,,
absorbed.limo,available,72,2%,8,"Entertainment,Media,Technology",,,
deep.limo,resell,72,41%,4,"Engineering,Mathematics,Science",03/02/2025 07:31,03/02/2026 07:31,Dynadot Inc
ternary.limo,available,72,7%,7,Mathematics,,,
addicted.limo,available,72,9%,8,Healthcare,,,
existent.limo,available,72,3%,8,"Mathematics,Science",,,
lovely.limo,available,72,26%,6,"Entertainment,Fashion,Retail",,,
liv.limo,available,72,27%,3,Mathematics,,,
trinity.limo,available,72,18%,7,Religion,,,
aching.limo,available,72,4%,6,Healthcare,,,
improvize.limo,available,72,1%,9,Entertainment,,,
unity.limo,available,70,40%,5,Mathematics,,,
adamantine.limo,available,70,4%,10,Religion,,,
gymnastic.limo,available,70,3%,9,"Entertainment,Sports",,,
abulic.limo,available,70,1%,6,Medicine,,,
accumbent.limo,available,70,1%,9,"Healthcare,Medicine,Science",,,
acuminate.limo,available,70,1%,9,"Engineering,Medicine,Science",,,
adjusted.limo,available,70,5%,8,"Manufacturing,Retail,Technology",,,
skillful.limo,available,70,9%,8,"Education,Health and Fitness,Sports",,,
consequent.limo,available,70,3%,10,"Business,Education,General,Technology",,,
adored.limo,available,70,6%,6,"Entertainment,Fashion,Retail",,,
admired.limo,available,70,5%,7,"Business,Education,Healthcare",,,
abradant.limo,available,70,1%,8,"Construction,Manufacturing",,,
recumbent.limo,available,70,2%,9,"Healthcare,Medicine,Science",,,
lowdown.limo,available,70,6%,8,"Entertainment,Media",,,
absorbing.limo,available,70,3%,9,"Entertainment,Media,Technology",,,
offhand.limo,available,70,2%,7,Entertainment,,,
practiced.limo,available,70,3%,9,"Education,Health and Fitness,Sports",,,
miserable.limo,available,70,4%,9,Humanities,,,
stillborn.limo,available,70,2%,9,"Medicine,Science",,,
aculeate.limo,available,68,1%,8,"Engineering,Medicine,Science",,,
abkhas.limo,available,68,0%,6,Geography,,,
ablative.limo,available,68,3%,8,Science,,,
ennead.limo,available,68,5%,6,Mathematics,,,
octonary.limo,available,68,1%,8,Mathematics,,,
licensed.limo,available,68,5%,8,"Business,Healthcare,Insurance",,,
vindicated.limo,available,68,2%,10,"Humanities,Law,Politics",,,
overseas.limo,available,68,12%,8,"Hospitality,Travel",,,
disciple.limo,available,68,14%,8,"Education,Religion",,,
licenced.limo,available,68,2%,8,"Business,Healthcare,Insurance",,,
accredited.limo,available,68,9%,10,"Business,Education,Healthcare",,,
foursome.limo,available,68,4%,8,Sports,,,
scurvy.limo,available,68,3%,6,Humanities,,,
achaean.limo,available,68,2%,7,Humanities,,,
abducent.limo,available,68,0%,8,Medicine,,,
ane.limo,available,68,12%,3,Mathematics,,,
sevener.limo,available,68,1%,7,Mathematics,,,
aberdonian.limo,available,68,1%,10,Geography,,,
acerate.limo,available,68,1%,7,Science,,,
decorated.limo,available,68,3%,9,"Entertainment,Fashion,Retail",,,
abnaki.limo,available,68,1%,6,Geography,,,
fiftieth.limo,available,68,0%,8,Mathematics,,,
achaian.limo,available,68,2%,7,Humanities,,,
aroused.limo,available,68,3%,7,"Entertainment,Health and Fitness",,,
thirtieth.limo,available,68,1%,9,Mathematics,,,
activating.limo,available,68,3%,10,"Healthcare,Manufacturing,Technology",,,
septenary.limo,available,68,1%,9,Mathematics,,,
threesome.limo,available,68,5%,9,Entertainment,,,
stygian.limo,available,68,5%,7,Humanities,,,
fortieth.limo,available,68,0%,8,Mathematics,,,
thirty.limo,available,66,8%,6,Mathematics,,,
five.limo,available,66,26%,4,Mathematics,,,
accessary.limo,available,66,1%,9,"Business,Law,Technology",,,
xvi.limo,available,66,5%,3,Mathematics,,,
xxii.limo,available,66,6%,4,Mathematics,,,
teenager.limo,available,66,4%,8,"Education,Entertainment,Healthcare",,,
ninety.limo,available,66,11%,6,Mathematics,,,
sextet.limo,available,66,1%,6,Entertainment,,,
modish.limo,available,66,5%,6,Fashion,,,
tenner.limo,available,66,5%,6,Finance,,,
latest.limo,available,66,18%,6,Technology,,,
adopted.limo,available,66,4%,7,"Education,Healthcare",,,
four.limo,available,66,27%,4,Mathematics,,,
xvii.limo,available,66,5%,4,Mathematics,,,
xviii.limo,available,66,5%,5,Mathematics,,,
according.limo,available,66,3%,9,"Business,Education,Technology",,,
maven.limo,available,66,30%,5,"Entertainment,Fashion,Technology",,,
xxvi.limo,available,66,3%,4,Mathematics,,,
exonerated.limo,available,66,2%,10,"Humanities,Law,Politics",,,
acervate.limo,available,66,1%,8,Science,,,
eighty.limo,available,66,6%,6,Mathematics,,,
buzzing.limo,available,66,7%,7,"Entertainment,Media,Technology",,,
xiii.limo,available,66,9%,4,Mathematics,,,
acappella.limo,available,66,6%,10,Entertainment,,,
adorned.limo,available,66,5%,7,"Entertainment,Fashion,Retail",,,
acrobatic.limo,available,66,4%,9,"Entertainment,Sports",,,
clv.limo,available,66,10%,3,Mathematics,,,
xxi.limo,available,66,10%,3,Mathematics,,,
deuce.limo,available,66,9%,5,Sports,,,
xii.limo,available,66,10%,3,Mathematics,,,
xxv.limo,available,66,6%,3,Mathematics,,,
century.limo,available,66,17%,7,Education,,,
fifty.limo,available,66,12%,5,Mathematics,,,
performing.limo,available,66,6%,10,Entertainment,,,
abstinent.limo,available,66,1%,9,"Health and Fitness,Religion",,,
onec.limo,available,66,6%,5,Mathematics,,,
six.limo,available,66,26%,3,Mathematics,,,
rising.limo,available,64,18%,6,"Construction,Manufacturing,Real Estate",,,
deviant.limo,available,64,12%,7,"Medicine,Science",,,
absolved.limo,available,64,1%,8,"Humanities,Law,Religion",,,
acentric.limo,available,64,2%,8,Science,,,
adagio.limo,available,64,14%,6,Entertainment,,,
ccc.limo,available,64,38%,3,Mathematics,,,
astringent.limo,available,64,1%,10,"Healthcare,Pharmaceuticals",,,
aflame.limo,available,64,3%,6,Entertainment,,,
scatty.limo,available,64,1%,6,"Arts,Entertainment,Media",,,
nondrinker.limo,available,64,1%,10,"Health and Fitness,Religion",,,
accordant.limo,available,64,3%,9,"Arts,Entertainment",,,
activistic.limo,available,62,1%,10,"Humanities,Politics",,,
fortyfour.limo,available,62,6%,10,Mathematics,,,
admissible.limo,available,62,1%,10,"Education,Healthcare,Law",,,
abo.limo,available,62,15%,3,Science,,,
orso.limo,available,62,9%,5,"Business,Media,Technology",,,
sixteenth.limo,available,62,1%,9,Mathematics,,,
roughly.limo,available,62,3%,7,"Business,Media,Technology",,,
aufait.limo,available,62,3%,7,"Fashion,Media",,,
activation.limo,available,62,16%,10,"Healthcare,Manufacturing,Technology",,,
accusing.limo,available,62,1%,8,Law,,,
accrued.limo,available,62,2%,7,"Banking,Finance,Insurance",,,
nail.limo,available,62,16%,4,"Construction,Fashion,General,Retail",,,
cumulative.limo,available,62,2%,10,"Banking,Finance,Insurance",,,
troika.limo,available,62,8%,6,Politics,,,
adjuvant.limo,available,62,5%,8,"Healthcare,Manufacturing,Technology",,,
exculpated.limo,available,62,1%,10,"Humanities,Law,Politics",,,
eighteenth.limo,available,62,1%,10,Mathematics,,,
quartet.limo,available,62,7%,7,"Arts,Entertainment",,,
acidic.limo,available,62,5%,6,"Food and Beverage,Science",,,
longdozen.limo,available,62,2%,10,Mathematics,,,
wrapped.limo,available,62,13%,7,"Fashion,Hospitality,Retail",,,
pungent.limo,available,62,1%,7,Food and Beverage,,,
playacting.limo,available,62,1%,10,Entertainment,,,
ensuant.limo,available,62,1%,7,"Healthcare,Insurance,Transportation",,,
twodozen.limo,available,62,1%,9,Mathematics,,,
chiliad.limo,available,62,2%,7,Mathematics,,,
adoptive.limo,available,62,1%,8,"Education,Healthcare",,,
eleventh.limo,available,62,5%,8,Mathematics,,,
aborigine.limo,available,62,1%,9,Humanities,,,
clxx.limo,available,60,3%,4,Mathematics,,,
paunchy.limo,available,60,0%,7,"Health and Fitness,Medicine",,,
cxxx.limo,available,60,4%,4,Mathematics,,,
cxv.limo,available,60,4%,3,Mathematics,,,
octet.limo,available,60,12%,5,Arts,,,
thou.limo,available,60,7%,4,Mathematics,,,
adnate.limo,available,60,1%,6,"Agriculture,Manufacturing,Retail",,,
cxxv.limo,available,60,1%,4,Mathematics,,,
clxv.limo,available,60,1%,4,Mathematics,,,
idolized.limo,available,60,3%,8,"Entertainment,Fashion,Retail",,,
sixty.limo,available,60,13%,5,Mathematics,,,
cxlv.limo,available,60,2%,4,Mathematics,,,
xcl.limo,available,60,5%,3,Mathematics,,,
clx.limo,available,60,10%,3,Mathematics,,,
abashed.limo,available,60,1%,7,Humanities,,,
acceptive.limo,available,60,1%,9,"Education,Healthcare",,,
eightysix.limo,available,60,7%,10,Mathematics,,,
clxxx.limo,available,60,1%,5,Mathematics,,,
cxxxv.limo,available,60,2%,5,Mathematics,,,
abstainer.limo,available,60,0%,9,"Health and Fitness,Religion",,,
cautionary.limo,available,60,1%,10,"Business,Education,Healthcare",,,
adnexal.limo,available,60,1%,7,"Agriculture,Manufacturing,Retail",,,
clxxv.limo,available,60,1%,5,Mathematics,,,
abstemious.limo,available,60,0%,10,"Food and Beverage,Health and Fitness,Hospitality",,,
cxl.limo,available,60,7%,3,Mathematics,,,
tertiary.limo,available,60,4%,8,Education,,,
idolised.limo,available,60,1%,8,"Entertainment,Fashion,Retail",,,
aboveboard.limo,available,60,5%,10,"Business,Law",,,
cxx.limo,available,60,10%,3,Mathematics,,,
annexal.limo,available,60,1%,7,"Agriculture,Manufacturing,Retail",,,
tercet.limo,available,59,2%,6,"Arts,Entertainment,Media",,,
twelfth.limo,available,58,2%,7,Mathematics,,,
aucourant.limo,available,58,3%,10,"Fashion,Media",,,
justabout.limo,available,58,3%,10,"Business,Media,Technology",,,
adjustive.limo,available,58,1%,9,"Manufacturing,Retail,Technology",,,
niner.limo,available,58,5%,5,Mathematics,,,
sextuplet.limo,available,58,1%,9,Healthcare,,,
centesimal.limo,available,58,1%,10,Mathematics,,,
abandoned.limo,available,58,10%,9,"Construction,Real Estate",,,
acyclic.limo,available,58,4%,7,"Engineering,Mathematics,Science",,,
abridged.limo,available,58,4%,8,Media,,,
octad.limo,available,58,5%,5,Mathematics,,,
fourth.limo,available,58,13%,6,Mathematics,,,
accretive.limo,available,58,6%,9,"Banking,Finance,Insurance",,,
lxxviii.limo,available,58,1%,7,Mathematics,,,
quintet.limo,available,58,8%,7,"Arts,Entertainment",,,
heptad.limo,available,58,1%,6,Mathematics,,,
addressed.limo,available,58,3%,9,"Business,Technology,Telecommunications",,,
pentad.limo,available,58,2%,6,Mathematics,,,
abuzz.limo,available,58,5%,5,"Entertainment,Media,Technology",,,
ache.limo,available,58,7%,4,Healthcare,,,
eighter.limo,available,58,2%,7,Mathematics,,,
adhoc.limo,available,58,24%,6,"Business,Engineering,Technology",,,
accented.limo,available,58,3%,8,"Arts,Entertainment",,,
acetic.limo,available,58,1%,6,"Food and Beverage,Science",,,
tetrad.limo,available,58,5%,6,Mathematics,,,
sixer.limo,available,58,5%,5,Sports,,,
hexad.limo,available,58,4%,5,Mathematics,,,
fifth.limo,available,58,12%,5,Mathematics,,,
lxxx.limo,available,58,2%,4,Mathematics,,,
actuarial.limo,available,58,8%,9,"Finance,Insurance,Mathematics",,,
linear.limo,available,58,22%,6,"Engineering,Mathematics,Science",,,
adient.limo,available,58,4%,6,"Medicine,Science",,,
offhanded.limo,available,58,1%,9,Entertainment,,,
alacarte.limo,available,58,11%,10,Food and Beverage,,,
accoutred.limo,available,58,1%,9,"Fashion,Manufacturing,Retail",,,
cypher.limo,available,58,29%,6,Mathematics,,,
fourscore.limo,available,58,4%,9,Mathematics,,,
abused.limo,available,58,5%,6,"Healthcare,Law",,,
addible.limo,available,58,2%,7,"Engineering,Mathematics,Science",,,
enwrapped.limo,available,58,0%,9,"Entertainment,Fashion,Media",,,
seven.limo,available,58,36%,5,Mathematics,,,
super.limo,available,58,47%,5,Business,,,
closeto.limo,available,58,3%,8,"Business,Media,Technology",,,
sixtyone.limo,available,58,3%,9,Mathematics,,,
seventy.limo,available,58,7%,7,Mathematics,,,
xxxii.limo,available,56,1%,5,Mathematics,,,
abeyant.limo,available,56,1%,7,"Business,Law",,,
xlii.limo,available,56,5%,4,Mathematics,,,
fiftyfour.limo,available,56,3%,10,Mathematics,,,
fortynine.limo,available,56,3%,10,Mathematics,,,
xxiii.limo,available,56,5%,5,Mathematics,,,
appressed.limo,available,56,0%,9,"Agriculture,Manufacturing,Retail",,,
fiftytwo.limo,available,56,6%,9,Mathematics,,,
xxviii.limo,available,56,1%,6,Mathematics,,,
thirtyone.limo,available,56,5%,10,Mathematics,,,
liii.limo,available,56,4%,4,Mathematics,,,
xxxviii.limo,available,56,1%,7,Mathematics,,,
xlv.limo,available,56,6%,3,Mathematics,,,
xliv.limo,available,56,2%,4,Mathematics,,,
abdominous.limo,available,56,0%,10,"Health and Fitness,Medicine",,,
xlviii.limo,available,56,1%,6,Mathematics,,,
xlvi.limo,available,56,3%,4,Mathematics,,,
halfdozen.limo,available,56,1%,10,Mathematics,,,
fortyone.limo,available,56,4%,9,Mathematics,,,
lviii.limo,available,56,1%,5,Mathematics,,,
xxix.limo,available,56,4%,4,Mathematics,,,
ilx.limo,available,56,5%,3,Mathematics,,,
fiftynine.limo,available,56,4%,10,Mathematics,,,
lvi.limo,available,56,8%,3,Mathematics,,,
fiftysix.limo,available,56,4%,9,Mathematics,,,
fiftyone.limo,available,56,7%,9,Mathematics,,,
admissive.limo,available,56,1%,9,"Education,Healthcare,Hospitality",,,
terzetto.limo,available,56,3%,8,Arts,,,
lvii.limo,available,56,1%,4,Mathematics,,,
xlvii.limo,available,56,2%,5,Mathematics,,,
potbellied.limo,available,56,0%,10,"Health and Fitness,Medicine",,,
xxxi.limo,available,56,9%,4,Mathematics,,,
addled.limo,available,56,2%,6,Entertainment,,,
maledict.limo,available,56,1%,8,Religion,,,
admittable.limo,available,56,1%,10,"Education,Healthcare,Hospitality",,,
fortytwo.limo,available,56,17%,9,Mathematics,,,
xxiv.limo,available,56,5%,4,Mathematics,,,
xxxiv.limo,available,56,1%,5,Mathematics,,,
xliii.limo,available,56,1%,5,Mathematics,,,
xxxiii.limo,available,56,2%,6,Mathematics,,,
fortysix.limo,available,56,3%,9,Mathematics,,,
thirtytwo.limo,available,56,5%,10,Mathematics,,,
admittible.limo,available,56,1%,10,"Education,Healthcare,Hospitality",,,
xxxvii.limo,available,56,2%,6,Mathematics,,,
triad.limo,available,56,15%,5,Arts,,,
accoutered.limo,available,56,0%,10,"Fashion,Manufacturing,Retail",,,
lii.limo,available,56,7%,3,Mathematics,,,
fiftyfive.limo,available,56,7%,10,Mathematics,,,
xxxvi.limo,available,56,1%,5,Mathematics,,,
xxvii.limo,available,56,3%,5,Mathematics,,,
xxxv.limo,available,56,4%,4,Mathematics,,,
thirtysix.limo,available,56,5%,10,Mathematics,,,
xli.limo,available,56,5%,3,Mathematics,,,
monitory.limo,available,54,3%,8,"Business,Education,Healthcare",,,
twoscore.limo,available,54,2%,8,Mathematics,,,
acoustical.limo,available,54,4%,10,Science,,,
actuated.limo,available,54,2%,8,"Automotive,Manufacturing,Technology",,,
viii.limo,available,54,6%,4,Mathematics,,,
adductive.limo,available,54,0%,9,"Engineering,Mathematics,Science",,,
quadruplet.limo,available,54,1%,10,"Healthcare,Medicine,Science",,,
adaxial.limo,available,54,2%,7,Science,,,
sise.limo,available,54,5%,4,Mathematics,,,
abatic.limo,available,54,1%,6,Science,,,
adducent.limo,available,54,1%,8,"Engineering,Mathematics,Science",,,
quaternion.limo,available,54,6%,10,Mathematics,,,
scratchy.limo,available,54,3%,8,Fashion,,,
achy.limo,available,54,3%,4,Healthcare,,,
abasic.limo,available,54,1%,6,Science,,,
abaxial.limo,available,54,1%,7,Science,,,
abducens.limo,available,54,1%,8,Medicine,,,
adducting.limo,available,54,1%,9,"Engineering,Mathematics,Science",,,
fin.limo,available,54,30%,3,Finance,,,
deuceace.limo,available,54,2%,9,Sports,,,
admonitory.limo,available,54,0%,10,"Business,Education,Healthcare",,,
abhorrent.limo,available,54,1%,9,Humanities,,,
accentual.limo,available,54,3%,9,"Arts,Entertainment",,,
adjuratory.limo,available,54,0%,10,"Law,Politics,Religion",,,
accursed.limo,available,54,3%,8,"Entertainment,Media,Religion",,,
aboral.limo,available,54,2%,6,Science,,,
quatern.limo,available,54,2%,7,Mathematics,,,
ternion.limo,available,54,3%,7,Mathematics,,,
fortyfive.limo,available,54,4%,10,Mathematics,,,
deserted.limo,available,54,3%,8,"Hospitality,Real Estate",,,
threescore.limo,available,54,1%,10,Mathematics,,,
iii.limo,available,54,24%,3,Mathematics,,,
abatable.limo,available,54,1%,8,Law,,,
quintuplet.limo,available,54,1%,10,"Healthcare,Medicine,Science",,,
abient.limo,available,54,1%,6,Science,,,
quaternity.limo,available,54,4%,10,Mathematics,,,
vii.limo,available,54,13%,3,Mathematics,,,
achromatic.limo,available,54,4%,10,Science,,,
unnatural.limo,available,54,4%,9,"Medicine,Science",,,
adpressed.limo,available,54,0%,9,"Agriculture,Manufacturing,Retail",,,
sestet.limo,available,53,1%,6,Arts,,,
xxx.limo,available,53,30%,3,"Arts,Entertainment,Media",,,
septet.limo,available,53,1%,6,General,,,
sixtysix.limo,available,52,4%,9,Mathematics,,,
lxxvii.limo,available,52,2%,6,Mathematics,,,
uphill.limo,available,52,7%,6,"Sports,Transportation,Travel",,,
aboulic.limo,available,52,1%,7,Medicine,,,
xcviii.limo,available,52,1%,6,Mathematics,,,
abstruse.limo,available,52,5%,8,"Humanities,Mathematics,Science",,,
xci.limo,available,52,4%,3,Mathematics,,,
lxxxii.limo,available,52,1%,6,Mathematics,,,
chagrined.limo,available,52,1%,9,Humanities,,,
detestable.limo,available,52,1%,10,Humanities,,,
lxxiii.limo,available,52,1%,6,Mathematics,,,
lxxv.limo,available,52,1%,4,Mathematics,,,
repugnant.limo,available,52,1%,9,Humanities,,,
eightytwo.limo,available,52,4%,10,Mathematics,,,
sixtyfour.limo,available,52,3%,10,Mathematics,,,
lxxi.limo,available,52,1%,4,Mathematics,,,
repulsive.limo,available,52,1%,9,Humanities,,,
lxxxvi.limo,available,52,1%,6,Mathematics,,,
xcvi.limo,available,52,2%,4,Mathematics,,,
abominable.limo,available,52,2%,10,"Entertainment,Humanities",,,
lxxxiii.limo,available,52,1%,7,Mathematics,,,
lxviii.limo,available,52,1%,6,Mathematics,,,
lxxxi.limo,available,52,1%,5,Mathematics,,,
lxi.limo,available,52,5%,3,Mathematics,,,
adenoidal.limo,available,52,1%,9,"Health and Fitness,Medicine,Science",,,
xciv.limo,available,52,2%,4,Mathematics,,,
lxxiv.limo,available,52,1%,5,Mathematics,,,
lxiv.limo,available,52,3%,4,Mathematics,,,
ixl.limo,available,52,9%,3,Mathematics,,,
abysmal.limo,available,52,4%,7,"Arts,Entertainment,Media",,,
ninetysix.limo,available,52,4%,10,Mathematics,,,
littlejoe.limo,available,52,2%,10,"Entertainment,Media",,,
lxiii.limo,available,52,2%,5,Mathematics,,,
lxv.limo,available,52,5%,3,Mathematics,,,
xcvii.limo,available,52,1%,5,Mathematics,,,
abusive.limo,available,52,3%,7,"Healthcare,Law",,,
sixtytwo.limo,available,52,3%,9,Mathematics,,,
lxxxvii.limo,available,52,1%,7,Mathematics,,,
sixtyfive.limo,available,52,3%,10,Mathematics,,,
lxvi.limo,available,52,3%,4,Mathematics,,,
lxvii.limo,available,52,1%,5,Mathematics,,,
odious.limo,available,52,2%,6,"Entertainment,Humanities",,,
ninetytwo.limo,available,52,4%,10,Mathematics,,,
eightyone.limo,available,52,3%,10,Mathematics,,,
ablated.limo,available,52,1%,7,Science,,,
lxii.limo,available,52,1%,4,Mathematics,,,
decumbent.limo,available,52,1%,9,"Healthcare,Medicine,Science",,,
xcv.limo,available,52,7%,3,Mathematics,,,
lxxvi.limo,available,52,1%,5,Mathematics,,,
ninetyone.limo,available,52,5%,10,Mathematics,,,
xciii.limo,available,52,1%,5,Mathematics,,,
lxxii.limo,available,52,1%,5,Mathematics,,,
ixc.limo,available,52,5%,3,Mathematics,,,
lxxxv.limo,available,52,1%,5,Mathematics,,,
xcii.limo,available,52,2%,4,Mathematics,,,
tierce.limo,available,52,3%,6,General,,,
lxxxiv.limo,available,52,1%,6,Mathematics,,,
scummy.limo,available,50,1%,6,Humanities,,,
adhominem.limo,available,50,2%,10,"Humanities,Law,Politics",,,
needlelike.limo,available,50,0%,10,"Engineering,Medicine,Science",,,
acerose.limo,available,50,1%,7,Science,,,
abranchial.limo,available,50,0%,10,Science,,,
lxx.limo,available,50,5%,3,Mathematics,,,
aborticide.limo,available,50,0%,10,Medicine,,,
abomasal.limo,available,50,0%,8,Agriculture,,,
acapnotic.limo,available,50,0%,9,"Healthcare,Medicine,Science",,,
acetous.limo,available,50,1%,7,Science,,,
quint.limo,available,50,13%,5,"Arts,Entertainment",,,
acapnic.limo,available,50,0%,7,"Healthcare,Medicine,Science",,,
cinque.limo,available,50,7%,6,Mathematics,,,
vinegary.limo,available,50,1%,8,Food and Beverage,,,
broached.limo,available,50,0%,8,Food and Beverage,,,
acquitted.limo,available,50,1%,9,Law,,,
abducting.limo,available,50,0%,9,Medicine,,,
abbatial.limo,available,50,0%,8,Religion,,,
acerbic.limo,available,50,2%,7,"Arts,Humanities,Media",,,
trine.limo,available,50,11%,5,"General,Religion",,,
acerb.limo,available,50,2%,5,Science,,,
aculeated.limo,available,50,0%,9,"Engineering,Medicine,Science",,,
ogdoad.limo,available,50,1%,6,Mathematics,,,
acellular.limo,available,50,1%,9,Science,,,
adactylous.limo,available,50,0%,10,Science,,,
triplet.limo,available,50,8%,7,Science,,,
abdicable.limo,available,50,0%,9,Law,,,
gillless.limo,available,50,0%,9,Science,,,
acetose.limo,available,50,1%,7,Science,,,
abactinal.limo,available,50,0%,9,Science,,,
spinous.limo,available,50,1%,7,"Agriculture,Science",,,
acaudal.limo,available,50,1%,7,"Agriculture,Science",,,
execrable.limo,available,48,0%,9,"Entertainment,Humanities",,,
abstracted.limo,available,48,5%,10,"Arts,Humanities,Science",,,
apriori.limo,available,48,13%,8,Mathematics,,,
abyssal.limo,available,48,12%,7,"Arts,Entertainment,Media",,,
ilxxx.limo,available,48,1%,5,Mathematics,,,
lxxxviii.limo,available,48,1%,8,Mathematics,,,
notguilty.limo,available,48,5%,10,Law,,,
ilxx.limo,available,48,1%,4,Mathematics,,,
stripling.limo,available,46,2%,9,"Education,Entertainment,Healthcare",,,
acarpous.limo,available,46,0%,8,"Agriculture,Science",,,
acanthoid.limo,available,46,1%,9,"Agriculture,Science",,,
acetabular.limo,available,46,1%,10,Science,,,
theabsurd.limo,available,46,1%,10,"Arts,Entertainment,Media",,,
cotyloid.limo,available,46,1%,8,Science,,,
acanthous.limo,available,46,0%,9,"Agriculture,Science",,,
quaternary.limo,available,46,3%,10,Mathematics,,,
achromous.limo,available,46,1%,9,Science,,,
stemless.limo,available,46,2%,8,"Agriculture,Science",,,
vinegarish.limo,available,46,1%,10,Food and Beverage,,,
acanthotic.limo,available,46,0%,10,"Agriculture,Science",,,
acarpelous.limo,available,46,0%,10,"Agriculture,Science",,,
acetylenic.limo,available,46,1%,10,Science,,,
acetonic.limo,available,46,1%,8,Science,,,
acicular.limo,available,46,2%,8,Science,,,
acheronian.limo,available,46,1%,10,Humanities,,,
acephalous.limo,available,46,1%,10,Science,,,
acetylic.limo,available,46,1%,8,Science,,,
achromic.limo,available,46,2%,8,Science,,,
acaudate.limo,available,46,1%,8,"Agriculture,Science",,,
achenial.limo,available,46,1%,8,Science,,,
acapnial.limo,available,46,0%,8,"Healthcare,Medicine,Science",,,
accusatory.limo,available,44,1%,10,Law,,,
cotyloidal.limo,available,44,1%,10,Science,,,
acherontic.limo,available,44,1%,10,Humanities,,,
phoebe.limo,available,41,14%,6,Science,,,
abscessed.limo,available,41,0%,9,Healthcare,,,
accusive.limo,available,40,1%,8,Law,,,
accurst.limo,available,40,1%,7,Religion,,,
scurrilous.limo,available,40,1%,10,"Entertainment,Media,Politics",,,